id,title,description,start_date,language
51150,AI-Enabled Edge Microwave Sensor for Harsh Environment Applications,"The “AI-Enabled Edge Microwave Sensor for Harsh Environment Applications” project aims to develop intelligent microwave sensing platforms capable of reliable operation in extreme environmental conditions such as ice, moisture, temperature fluctuations, mechanical stress, and electromagnetic interference. The research integrates microwave and RF sensor design, edge artificial intelligence, embedded systems, and advanced materials to enable real-time environmental monitoring and decision-making directly at the sensing node. The project focuses on designing compact, lightweight, and low-power microwave sensors and antennas that can detect environmental changes through variations in electromagnetic response. Edge AI algorithms will be incorporated to process sensor data locally, reducing latency, communication bandwidth, and power consumption while improving system autonomy and reliability in remote or resource-constrained environments. A key aspect of the research involves investigating advanced manufacturing approaches, including additive manufacturing and multilayer conductive structures, to create scalable and cost-effective sensing devices with enhanced electromagnetic performance. The project also explores sensor fusion and adaptive calibration techniques to improve robustness and accuracy under dynamically changing environmental conditions. Potential applications include aerospace systems, autonomous vehicles, smart infrastructure, industrial monitoring, environmental sensing, and remote surveillance platforms operating in harsh or inaccessible environments. The outcome of this research is expected to contribute to the development of next-generation intelligent sensing technologies that combine microwave engineering with edge intelligence for resilient, real-time operation in demanding scenarios.",2027-05-03,English
51152,"Mapping Disasters, Displacement and Development to build Community Resilient Futures","The research project focuses on mapping disasters and displacement patterns of communities from the selected country. In brief, after any natural disaster (earthquakes, floods, landslides, wildfires) or other crisis ( like the current COVID-19 pandemic), both the government agencies and humanitarian organizations, including development aid agencies, need to know where affected people are located ( or displaced) and what resources do they need to rebuild their livelihoods. While identifying and classifying the patterns of displacements ( or evacuations) of people, families, and communities during and after the disaster events is critical to aiding delivery and development planning, it is often complex and challenging. Activities to capture quickly through conventional research methods. This project aims to apply aggregate usage patterns of social media apps like Facebook, WhatsApp, or other mobile technologies can help fill these information gaps. As part of the proposed research intern opportunity, we will investigate the use, relevance, and application of Facebook Disaster Maps. For example, these maps can be created by the research interns by utilizing information about Facebook usage/ other mobile Apps in areas impacted by natural hazards. By doing so, we can produce aggregate pictures(maps, visual models) of how the population is affected by and responding to the risks. The maps will provide insights into evacuations, mobile cell network connectivity, access to electricity, and long-term displacement patterns. These research results are powerful as they are built on robust data and use the proper research methods. By doing so, we will be able to make evidence-based policy recommendations to agencies involved in disaster management.",2027-05-03,English
51157,Machine Learning for Society,"The student will first learn about machine learning and specific algorithms through completion of DataCamp modules. Then, they will work on a publicly available data set with the other students in my lab to learn how to apply machine learning algorithms on large data sets and interpret the results. Depending on the results, we could disseminate the findings at conferences or in journal venues.",2027-05-03,English
51160,Automated software refactoring using LLMs,"We aim to develop a GitHub App that uses LLMs to analyze each new commit, figure out the need for a refactoring, and perform refactoring using LLMs. Responses from LLMs are not always reliable. This project will implement necessary checks to ensure that the new refactored code reflects the intended change. After this quality assurance check, the application will raise a PR so that developers can check the refactored code before accepting the changes.",2027-05-03,English
51163,Automated Software Engineering with AI Agents,"We aim to automate software engineering workflows (such as code quality checks, testing, and vulnerability analysis) using AI agents. We will develop agents that will not only detect issues in source code and other artifacts but also attempts to fix the issues automatically.",2027-05-03,English
51166,"Scalable Federated Learning on Large-Scale Data: Performance, Privacy, and Communication Trade-offs","This project investigates how federated learning (FL) systems perform when scaled to large datasets distributed across many clients. Using frameworks such as Flower or TensorFlow Federated, the student(s) will design and implement a distributed training pipeline where data remains decentralized and only model updates are shared. The study focuses on three core aspects: (1) performance under realistic conditions such as non-IID data distributions, (2) the impact of lightweight privacy mechanisms (e.g., noise injection) on model accuracy, and (3) communication efficiency as the number of clients and data volume increase. Through systematic experiments and analysis, the project aims to quantify the trade-offs between scalability, accuracy, privacy, and communication cost, providing practical insights into deploying federated learning in real-world big data settings.",2027-05-03,English
51185,Artificial Intelligence and TensorFlow for High Speed Video Analysis,"This project applies machine learning techniques to the automated high-speed video images of molten metal in welding. The machine learning approach is based on the Convolution Neural Network (CNN) and deep learning techniques, which have attracted a lot of attention for automated image identification and regression. Currently, the identification and quantification of high-speed images can only be done reliably by an expert, which is a tedious and slow process that can be applied only to a relatively small number of selected images (of the order of tens or hundreds, definitely not thousands or higher). The project aims to open the possibility of automated survey of an existing database of images and builds on work currently carried out at the CCWJ. This project is setting the basis for a “big data” approach to research.",2027-05-03,English
51193,AI-Driven Adaptive User Interface,"In this project, we aim to explore artificial intelligence (AI) techniques in human-computer interaction (HCI) systems to enhance user experiences and optimize usability. Specifically, we will leverage advancements in AI to design novel approaches for dynamically adapting interfaces and personalizing interactions with devices. By combining AI algorithms with HCI design principles, we plan to develop intelligent interfaces capable of understanding and responding to user behaviors, preferences, and contextual cues in real-time. Ultimately, the goal is to empower users with intelligent systems that anticipate their needs, adapt to their preferences, and enhance their overall experience with digital technology.",2027-05-03,English
51204,Machine Learning Techniques and Tools for Detecting Anomalies in Complex Networks,"My research program focuses on developing methods and tools for improving reliability of routing protocols in communication networks. Of particular interest are the Internet cyberattacks that adversely affect operations of academic institutions, companies, and government organizations as well as disruptions of Internet services during recent international conflicts. The proposed research program encompasses characterization and modeling of network traffic based on data collected from deployed and experimental networks, application of machine learning algorithms in detecting Internet anomalies and intrusions, and development of software tools for evaluating network performance. My objective is to develop new and fast machine learning techniques for analysis of complex networks such as the Internet and the human brain. Machine learning algorithms will be employed to classify and detect network anomalies including Internet denial of service attacks, worms, viruses, power outages, and ransomware attacks that affect performance of the Internet routing protocols. New and improved machine learning algorithms will be designed to enable fast training of machine learning models based on approaches such as convolutional neural networks, recurrent networks, reservoir and echo state networks, gradient boosting decision trees, and broad learning systems with and without incremental learning. The algorithms will be used to develop machine learning models that are suitable for fast detection of Internet anomalies and intrusions, thus, enabling their prompt detection and prevention. Training and test of these models using large datasets will be performed using the Compute Canada clusters. Research results emanating from the proposed program will improve our understanding of the underlying mechanisms that govern the behaviour of complex networks such as the Internet and the human brain. They will enhance network security and help improve network performance. Research outcomes will include new developed software tools and a library of models that will be made available to the research community.",2027-06-01,English
51206,Machine Learning-Assisted Materials Design,"I invite applicants to join a highly collaborative and interdisciplinary research team, and work closely with partners from government and industry. A range of projects are available depending on applicant interests and these span the following applications: • Design and advanced manufacturing of next-generation lightweight materials for personal and vehicle protection • Characterization of bio-materials (e.g., brain and bone) and development of synthetic materials. • Design and advanced manufacturing of coatings and structures for use in conventional and clean energy applications Students will receive structured technical training using Canadian-leading state-of-the-art experimental (e.g., ultra-high-speed cameras) and computational tools (e.g., high performance clusters). Students will also receive Professional Development training (e.g., career development, entrepreneurship) and individualized mentorship. These skills will be important for long-term careers as engineers and scientists. Check my group’s website for opportunities for you to learn and grow: https://sites.ualberta.ca/~jdhogan/",2027-05-03,English
51210,Connected Autonomous Driving,"Wireless transmission between two devices is a mature technology. However, reliable and low-latency wireless transmission for connected autonomous vehicles is technically challenging. The main research objective of our research project is to develop reliable and low-latency wireless communication and autonomous control solutions for connected autonomous vehicles. The MITACS supported interns will team up with our research team towards this objective.",2027-05-03,English
51213,Design and Fabrication of Multi-Modal Wearable Health Sensing Devices,"Physiological sensors are recently receiving increasing attention in the broad field of computing. While long used in areas related to health and rehabilitation, we are now witnessing an impressive array of new applications in interactive computing. For instance, continuous monitoring of electrocardiogram (ECG) signals informs athletes about their performance, monitoring of electrodermal activity (EDA) enhances computer-mediated emotional communication, and surface electromyography (sEMG) allows for gestural input. Despite these advances, designers seeking to develop new applications are confronted with serious restrictions at the level of the computer-body interface: commercial gel-based electrodes are non-conformal, problematic at body locations that deform, and neither ergonomic nor aesthetic to wear during everyday activities. Secondly, the current state-of-the-art physiological sensing devices can capture only a limited set of signals, typically restricted to electrophysiological signals (e.g. EMG, ECG, or other electrical signals). However, monitoring the electrolyte and metabolite concentration by measuring electrochemical activities in the body will present us with a higher level of granularity in determining the state of health. Sensing electrochemical signals can help in determining various vital signals such as blood glucose levels, blood-oxygen levels, characterization of sweat, etc. In this project, we will be developing novel wearable multi-modal health sensing devices that can not only capture the electrophysiological signals but also electrochemical signals. By leveraging state-of-the-art machine learning and optimization techniques, this project aims to create highly optimized wearable health sensing devices. Another anticipated scientific contribution is the development of novel, widely-accessible, and low-cost fabrication techniques for creating these devices. Taken together, the scientific contributions stemming from this project will have a broad and lasting impact as we envision the techniques to be replicated by other researchers, hobbyists, and industry to easily fabricate custom multi-modal wearable health monitoring devices.",2027-05-14,English
51223,Artificial intelligence for resilient industrial control and automation systems,"The project requires the development of computational algorithms based on artificial intelligence/machine learning that integrate with industrial control and automation systems, as follows: - The algorithms would take as input operational data collected from programmable logic controllers (PLCs); - The algorithms then perform computations (e.g., based on clustering, classification, sequence alignment, etc.), to extract knowledge/insights for more effective process operation; and - The algorithms would then provide as output to human operators the extracted knowledge/insights for more effective decision support, e.g., by displaying information on human-machine interface (HMI) screens. In particular, the project will investigate process operation during abnormal conditions, to enable resilient industrial control and automation systems, e.g., in the context of cybersecurity, fault diagnosis, and/or alarm management.",2027-05-03,English
51240,Integrating AI and Remote Sensing for Planning Windbreak Systems,"This project explores how artificial intelligence and remote sensing can support the design of efficient windbreak systems in agricultural and forested landscapes. Interns will analyze satellite imagery and geospatial data to identify areas vulnerable to snow blowing. Using basic machine learning models and GIS tools, they will map optimal locations and configurations for windbreaks. The project combines environmental science and data analysis, offering hands-on experience in geospatial technologies. Expected outcomes include improved land management strategies that enhance climate resilience, protect soils, and support sustainable agroforestry practices.",2027-05-10,English
51253,"Materials, Nanoparticles, and Molecular Clusters and their Reactivity","The successful candidate will receive training in designing, creating, setting up, maintaining, and using molecular maquettes of Fe-S mineral surfaces or nanoparticles, kaolinite nanoparticles with intercalating organic molecules, or blades/saddles/half-pipes/struts of templated carbon materials. In addition to literature data, we have already collected a significant amount of experimental data for samples from our collaborators that will be used to validate the computational maquettes and levels of theory to be applied. The maquettes will be launched to interrogate atomic-scale details of reductive dissolution of pyrite, formation of mackinawite nanoparticles, small organic molecule assisted events of sheet to cube transformation in Fe-S chemistry; intercalation, exchange intercalation, delamination, and exfoliation processes for kaolinite family of minerals; and methane/hydrogen/carbon dioxide physisorption at heteroatom (B,O,N,S,P) doped zeolite templated carbon materials and carbon/graphitic mesosponges. The simulations will cover several orders of magnitude in both spatial and temporal domains. Molecular dynamic calculations will be carried out on the sub-microsecond time-scale for systems with thousand atoms. Some of the computational/chemo-informatics tools have already been developed; however, there is a constant need for developing new algorithms, writing scripts, doing programming, and depending on the data accumulated, potentially training machine learning algorithms and establishing neural networks. Given the maturity of each of the three branches of the research program, each participant is expected to work toward a peer-reviewed scientific publication. Toward this goal, the participants will need to give weekly progress reports and start working on a tentative poster presentation straight off the start as they familiarize themselves with literature (Introduction), computational chemistry (Methodology). Within a few weeks, they are expected to generate results and start analyzing toward scientific discoveries. While roadblocks are anticipated; however, given the power of computational chemistry - those will be dealt with with further computations.",2027-05-02,English
51254,Distributed Deep Neural Networks,"Deep neural networks have shown very promising results in recent years for various image classification and segmentation tasks. However, many patient datasets are typically needed for training these machine learning models to produce highly accurate results. The collection of a suitable number of datasets for model training is often the most limiting factor, especially in a clinical context because of patient privacy concerns as well as unwillingness to share unique patient cases, which is especially relevant for less prevalent diseases. The aim of this proposed research is to develop a novel distributed learning system for training of deep neural networks to overcome the limiting factors of data collection and analysis in a centralized fashion. The main goal of this distributed learning architecture is that the individual patient data does not leave the contributing clinical centers but are only used locally to train the machine learning models, which do not contain any patient data at the individual level anymore. The aim of this research project is to implement and evaluate a traveling model learning approach. The main idea of this approach is that as soon as new data becomes available in a single center, the most recent machine learning model will travel from the central server to the local site where the model parameters are updated using the new available data before traveling back to the central server. The prospective student will develop experience in Python, Tensorflow, and other modern libraries for image processing and machine learning. Additionally, the student may have the opportunity to co-author peer reviewed journal publications.",2027-05-03,English
51257,Visual Motion Analysis from Images and Videos,"This project focuses on analyzing visual behaviors of articulated objects (human and animals) from video feed, a problem that plays a crucial role in many real-life applications ranging from natural user interface to autonomous driving. As a member of the Vision and Learning Lab at the University of Alberta (https://vision-and-learning-lab-ualberta.github.io/), you are expected to work with a graduate student/Postdoc researcher, get familiar with state-of-the-art deep learning, quantum machine learning and computer vision techniques, and gain hands-on research experience on benchmark and home-grown datasets. There are ample opportunities to be involved in exciting research topics in computer vision and to publish",2027-05-03,English
51269,ISAC from the sky: Leveraging non-terrestrial networks for communications and target localization,"The project “ISAC from the sky: Leveraging non‑terrestrial networks for communications and target localization” investigates how aerial platforms, such as satellites, high‑altitude platforms, and unmanned aerial vehicles, can simultaneously provide wireless connectivity and perform sensing tasks. This emerging paradigm, known as ""Integrated Sensing and Communication (ISAC)"", aims to use the same signals, spectrum, and hardware to support both data transmission and the detection or localization of targets on the ground. By focusing on non‑terrestrial networks (NTNs), the project explores how elevated platforms can offer wide coverage, rapid deployment, and improved visibility, making them ideal for applications such as emergency response, environmental monitoring, and intelligent transportation. The research involves developing models and algorithms that allow these aerial systems to balance communication performance with sensing accuracy, while also addressing challenges like interference, mobility, and resource allocation. The project seeks to advance next‑generation wireless systems by designing efficient ISAC‑enabled NTN architectures and evaluating their performance through simulation and analysis. It offers students the opportunity to work at the intersection of wireless communications, signal processing, and emerging aerial network technologies.",2027-05-03,English
51270,Exploring Quantum ML for Data Fusion of Radio and Image Data for Accurate Target Detection in Wireless Environments,"The project aims to explore and develop innovative data fusion techniques using quantum machine learning for integrating radio and image data for target detection in wireless environments. The intern will investigate the challenges and opportunities associated with combining these two distinct types of data, aiming to improve the accuracy of target detection in radio environments. The project will involve a comprehensive study of existing data fusion techniques and their limitations, followed by the development and testing of novel approaches that leverage the power of quantum computing and machine learning. The candidate will also work on real-world datasets. The successful completion of the project could lead to significant advancements in wireless target detection, with potential applications in areas such as surveillance, remote sensing, and communication. This internship will provide the candidate with valuable experience in data analysis, algorithm development, and wireless communication.",2027-05-03,English
51294,Interviewing Children,"This research project will focus on children's memory and honesty during forensic-based interviews. This project will involve a large-scale project to explore children's memory of events as well as their understanding of adult-child interactions. Working with a science summer camp, a research confederate will stage an event and, the following day, children will be interviewed about that event using common police-interviewing protocols. In particular, children will be assessed for: (1) their understanding of what is a typical adult-child interaction; (2) how well they remember the event details; and, (3) children's ability to remember the confederate they saw (eyewitness memory). This project will involve working with 400+ children between the ages of 6 and 15 years-old.",2027-06-01,English
